,address,channelTitle,videoTitle
0,https://www.youtube.com/watch?v=oGJtwY8nNno,Ciencia de Verdade,534 - Avaliando o Q.I. do Bill Gates!
1,https://www.youtube.com/watch?v=9c7dCNvePfw,Jaime Bruning,QUE VIAGEM INCR√çVEL ESTAMOS FAZENDO
2,https://www.youtube.com/watch?v=y0GLoDP54lA,P√°tria Evang√©lica de Deus,B.O.M.B.@- VEJAM QUAIS SERIAM OS PL@NOS DO SR. M@NDETT@ PARA O B.R.A.S.!.L- FIQUEM ATENTOS!
3,https://www.youtube.com/watch?v=EoRAsJUaY_s,Cidad√£o-X,Camada de Oz√¥nio no seu Buraco
4,https://www.youtube.com/watch?v=w3OWAwt_6uY,Cidad√£o-X,Caix√µes Vazios e Mentes Possu√≠das
5,https://www.youtube.com/watch?v=4Rsp-uPsDYA,Ciencia de Verdade,526 - Jo√£o D√≥ria e o Carnaval Contagiante de S√£o Paulo
6,https://www.youtube.com/watch?v=pO_38VrTxfk,Firmeza da Verdade,OS ROB0S DE H|DR0GEL da D.A.R.P.A.
7,https://www.youtube.com/watch?v=0VNjjXRgAjw,verdadeoculta,üíâ A Gray State Hoje
8,https://www.youtube.com/watch?v=XWrhxClJK_8,nutri√ß√£o Alimentos & Cia,Acido L√°urico √ìLEO DE COCO e V√≠rus envelopados.
9,https://www.youtube.com/watch?v=74oZwKtA1-E,R√¥mulo Maraschin,"Afinal, O QUE est√£o dando para as pessoas COMEREM?"
10,https://www.youtube.com/watch?v=3HwkKSjYt8c,verdadeoculta,Palmas para o bill gates que ele merece
11,https://www.youtube.com/watch?v=nGE4ZXOkGRk,Ciencia de Verdade,525 - 12 Cientistas contra a Quarentena
12,https://www.youtube.com/watch?v=zVUYXED63rU,Verdade Mundial,AO VIVO üìç A VERDADE OCULTA CHEGOU! E AGORA?
13,https://www.youtube.com/watch?v=fyOpRL3Uw4k,verdadeoculta,üíâ N√£o d√° pra fechar os olhos para o que vai acontecer em seguida
14,https://www.youtube.com/watch?v=i_gi5h5IaP0,Firmeza da Verdade,PROTOCOLOS DE COMO PERMANECER EM CASA
15,https://www.youtube.com/watch?v=WXwDmGnQMyE,Hidrogenio Global,#PARTE2 - O REI OCULTO DA INGLATERRA E A FAM√çLIA REAL SEMPRE FOI UMA FARSA DA ROYAL FAMILY DA RUSSIA
16,https://www.youtube.com/watch?v=WvCKonGhi_A,Firmeza da Verdade,"DE 11 √† 18 de OUTUBRO de 2020: Papa, Vaticano e a Nova Religi√£o Mundial"
17,https://www.youtube.com/watch?v=ldjsCoCHZdc,Minha Sa√∫de - Curas Naturais,Ser√° que voc√™ est√° com defici√™ncia dessas vitaminas? Dr. Lair Ribeiro
18,https://www.youtube.com/watch?v=fqDZd11fquE,Ana Paula Palagar,A M√ÅSCARA SERIA UMA PR√â- MARCA DA BESTA?
19,https://www.youtube.com/watch?v=dX8u-LmfkcU,Hidrogenio Global,Rede social de direita sem manipula√ß√£o de ag√™ncias comunistas. www.stormarmy.com
20,https://www.youtube.com/watch?v=fDHvBBhXzHM,Cidad√£o-X,O Melhor V√≠deo sobre a Conspira√ß√£o CoronaV√≠rus
21,https://www.youtube.com/watch?v=7z3G7gVrfN4,verdadeoculta,Na Europa j√° come√ßou a segunda fase
22,https://www.youtube.com/watch?v=iQ695DnxfLI,Verdade Mundial,Os #OVNIs sempre estiveram aqui üí• LIVE
23,https://www.youtube.com/watch?v=cB34pRUJ7M4,nutri√ß√£o Alimentos & Cia,O PODER DO OZ√îNIO em destruir pat√≥genos
24,https://www.youtube.com/watch?v=X5P1XdwDKQo,Verdade Mundial,2021 PQP!!!! A LIVE MAIS DIF√çCIL DA HIST√ìRIA!
25,https://www.youtube.com/watch?v=4IzFRp0Rr-U,verdadeoculta,Porque nos consideram parasitas humanos
26,https://www.youtube.com/watch?v=NKUY8ez5yXQ,Domingo Espetacular,Presidente Jair Bolsonaro fala sobre o coronav√≠rus em entrevista ao Domingo Espetacular
27,https://www.youtube.com/watch?v=3FG5d7xgtDo,Hidrogenio Global,#72HORAS - Stf da 72 horas para entrega de v√≠deo de reuni√£o com Bolsonaro e MINISTROS.
28,https://www.youtube.com/watch?v=MsNaodMBf30,Firmeza da Verdade,AS COISAS V√ÉO PIORAR
29,https://www.youtube.com/watch?v=aOScoNKjuPQ,Ana Paula Palagar,"O SONHO : SISTEMA DE MONITORAMENTO,OK"
30,https://www.youtube.com/watch?v=0azGop5WeA0,Firmeza da Verdade,ESSA LEI VAI CHEGAR NO MUNDO TODO
31,https://www.youtube.com/watch?v=3YmUAaxF9fE,Dr. Uronal Zancan,O QUE QUASE NINGU√âM DISSE SOBRE VENCER A PANDEMIA DO CORONAV√çRUS
32,https://www.youtube.com/watch?v=4UUxlfO8BHA,Ana Paula Palagar,"ATUALIZA√á√ïES: EMPRESAS N√ÉO S√ÉO IMPORTANTES,O QUE VALE √â REVOLUCIONAR."
33,https://www.youtube.com/watch?v=BMCh-zZWv08,Firmeza da Verdade,ISSO ELES NUNCA V√ÉO TE MOSTRAR
34,https://www.youtube.com/watch?v=JXWZjhspqzA,P√°tria Evang√©lica de Deus,PADRE ALERTA - PAPA FRANCISCO VAI APRESENTAR A NOVA RELIGI√ÉO MUNDIAL AINDA ESSE ANO!!!
35,https://www.youtube.com/watch?v=SU7fC5t7lPQ,P√°tria Evang√©lica de Deus,U.R.G.√ä.N.C.I.A! NOV@S INFORM@√á√ïES SOBRE O CUIDADO COM O V.I.R.U.S COVID-19
36,https://www.youtube.com/watch?v=WGQIVglp5RQ,Cidad√£o-X,Bolsonaro e Trump podem estar planejando uma Guerra
37,https://www.youtube.com/watch?v=iUyvYhMe4xo,verdadeoculta,Nova Leis contra o gado na carona do pandemonio
38,https://www.youtube.com/watch?v=dOYZDMdyn6Q,Ciencia de Verdade,516 - Empres√°rios IDIOTAS e o Salto do Desemprego EM MASSA!
39,https://www.youtube.com/watch?v=92hf-ITqz2w,verdadeoculta,Entenda o que est√° por detras do reset do planeta
40,https://www.youtube.com/watch?v=X85LJmSk6ho,verdadeoculta,Ai fudi pra nos...
41,https://www.youtube.com/watch?v=UR1Q-6SMlsc,verdadeoculta,Garimpeiros da noite atacam no novo normal
42,https://www.youtube.com/watch?v=zWlWLwuG5n4,Firmeza da Verdade,SE PREPARE PARA OS JU√çZOS DO ETERNO!
43,https://www.youtube.com/watch?v=jrx4hk-v1kA,Firmeza da Verdade,O CONTROLE CADA VEZ MAIS INTENSO e o FIM CADA VEZ MAIS PERTO: Est√£o Monitorando e Manipulando Tudo!
44,https://www.youtube.com/watch?v=4Xr_Qsnd4YM,Ezequiel Cordeiro - Hora Final,"Rob√¥s, Tatuagem Secreta para controle de vacinas e o o uso de microchip em Israel"
45,https://www.youtube.com/watch?v=4OXYP_230B4,verdadeoculta,Onu cobra a√ß√£o mais dura do governo
46,https://www.youtube.com/watch?v=wO3pbZJjNxk,Ana Paula Palagar,N√ÉO √â MERA COINCID√äNCIA.
47,https://www.youtube.com/watch?v=DmJJv7RJAl4,verdadeoculta,Use a m√°scara por amor ao proximo
48,https://www.youtube.com/watch?v=8pHw88-xInc,Firmeza da Verdade,"Sol do Meio Dia, N.O.M. ""R.A.C.O.O.N"" - Isso Eles N√£o Falam! (repost)"
49,https://www.youtube.com/watch?v=YmskwGvEmL8,Firmeza da Verdade,"O PADRE, O SONHO E A ""IGREJA CAT√ìLICA"""
50,https://www.youtube.com/watch?v=o6bzB2ogD2E,Firmeza da Verdade,OS ROB√îS √© que MANDAM AGORA e CONTINUAR√ÉO DETERMINANDO a VIDA da HUMANIDADE
51,https://www.youtube.com/watch?v=D2K6XR8f4q4,Ana Paula Palagar,UMA INFORMA√á√ÉO NECESS√ÅRIA. N√ÉO PERCAM!!!
52,https://www.youtube.com/watch?v=WiOjHJCELng,Firmeza da Verdade,ESSA SER√Å A MARCA DA BESTA?
53,https://www.youtube.com/watch?v=iojjpGGp090,Cidad√£o-X,Malditos Ignorantes Est√∫pidos e Imbecis
54,https://www.youtube.com/watch?v=Q5Ew8O1NM9Q,verdadeoculta,üíâ V√£o recuperar o Planeta deles com a Nova Ordem Mundial
55,https://www.youtube.com/watch?v=zpDXSQDfiyI,verdadeoculta,Entenda como eles manipulam facilmente
56,https://www.youtube.com/watch?v=FoTgsZondbQ,Ciencia de Verdade,530 - Facebook ou FAKEbook? Vamos checar a checagem de fatos!
57,https://www.youtube.com/watch?v=C3B0lJpze0A,Ciencia de Verdade,"532 - O significado do termo ""HUMANIDADE""!"
58,https://www.youtube.com/watch?v=p_m7wpiOOuE,Cidad√£o-X,#ForaBolsonaro (S√≥ Mais um Dia de Putaria no Puteiro)
59,https://www.youtube.com/watch?v=lINqVh105rc,R√¥mulo Maraschin,RESIDENT EVIL 3 REMAKE: ANALISANDO A INTRO
60,https://www.youtube.com/watch?v=v_sSEgG3m1c,Cidad√£o-X,O Sil√™ncio do Traficante do Avi√£o do Bolsonaro
61,https://www.youtube.com/watch?v=THGSHKMHQSM,Firmeza da Verdade,THE ECONOMIST 2020: DECIFRADA 100%
62,https://www.youtube.com/watch?v=GtLkWp5CeS4,Ana Paula Palagar,EST√ÉO TENTANDO MANIPULAR A SITUA√á√ÉO.
63,https://www.youtube.com/watch?v=4aKrJoWTobw,Firmeza da Verdade,CH|NA |NSTALA F|LMAD0RAS DENTR0 DAS CASAS: O VERDADEIRO B|G BR0THER - 1984 GE0RGE 0RWELL
64,https://www.youtube.com/watch?v=9ln4IPrYHO8,verdadeoculta,A inteligencia artificial e nos os vetores
65,https://www.youtube.com/watch?v=p791yjqERkk,Hidrogenio Global,#USA - Est√£o invadindo a sede da CNN enquanto isso o Brasileiro t√° no sof√°!
66,https://www.youtube.com/watch?v=XlYKavWME-I,verdadeoculta,üìç ‡∏ø‚Ç≥‚ÇÆ…Ü ‚Ç±‚Ç≥‚Ç±√ò ‚Çµ√ò‚Ç• …ÜV…Ü ‚Ç¥√ò‡∏ø‚±§‚Ç≥L
67,https://www.youtube.com/watch?v=xjRamoNv9lc,Ezequiel Cordeiro - Hora Final,Desvendando o que a revista The Economist 2019 previu para 2020
68,https://www.youtube.com/watch?v=qxCjXTddhLg,Canal OTANERY1,Corona e TV (Parte 1) S√©rie coreana de 2018 previu pandemia de COVID?
69,https://www.youtube.com/watch?v=itJKL3BsobM,SA√öDE & BEM ESTAR,üî¥ Blinde sua sa√∫de com o Dr. Victor Sorrentino!!! S√©rie Quebrando Tabus Da Medicina!!!
70,https://www.youtube.com/watch?v=I5Nog6x0KKk,Jemima Gomes,0S ·∏ÄC0NTEC·ªãMENT0S F·ªãN·∏Ä·ªãS EST√É0 ·∏ÄQUI!
71,https://www.youtube.com/watch?v=RV9-YOwfDwA,verdadeoculta,üíâ Sem m√°scaras e sem multas
72,https://www.youtube.com/watch?v=dKJ7cyAXdRM,Ciencia de Verdade,527 - Quarentena at√© 2022? Vamos falar sobre √âTICA!
73,https://www.youtube.com/watch?v=z7eZw1clKFo,Hidrogenio Global,Prefeito sugere aplica√ß√£o de oz√¥nio no fiof√≥ para tratamento aguardem...
74,https://www.youtube.com/watch?v=vXSf9Ve0ulA,Firmeza da Verdade,ANALISANDO DOIS COMERCIAIS ESTRANHOS E REVELADORES
75,https://www.youtube.com/watch?v=tej1KsFWzSk,Ana Paula Palagar,LABORAT√ìRIO RACISTA?
76,https://www.youtube.com/watch?v=faWwLTHnjZc,Cidad√£o-X,Corona e V√≠rus. A Dupla do Momento
77,https://www.youtube.com/watch?v=bURPBld05QM,Dr. Uronal Zancan,ESTUDO MOSTRA QUE A POLUI√á√ÉO AGRAVA A PANDEMIA DO CORONAV√çRUS
78,https://www.youtube.com/watch?v=qpqkM2cjUHs,verdadeoculta,Muitos ir√£o enlouquecer nos proximos meses
79,https://www.youtube.com/watch?v=pTljb3Mijz0,verdadeoculta,Sangue bom e sangue ruim discriminna√ß√£o a vista
80,https://www.youtube.com/watch?v=P4U_0fDXJxI,verdadeoculta,Bill gates √© um super aliado
81,https://www.youtube.com/watch?v=N2ORi5znEsQ,verdadeoculta,Novo premio para quem faz testes em massa
82,https://www.youtube.com/watch?v=oJhl4Yj14iM,verdadeoculta,Entenda o novo projeto de purifica√ß√£o social
83,https://www.youtube.com/watch?v=DMA-2t-e2vw,Ana Paula Palagar,EST√ÉO JOGANDO OS PLANOS MALIGNOS NA SUA CARA.
84,https://www.youtube.com/watch?v=KHuXHppS3hA,Ana Paula Palagar,N√ÉO QUEREM QUE VOC√ä PERCEBA
85,https://www.youtube.com/watch?v=_N2FO0PVmqE,Firmeza da Verdade,"OLHA O QUE A ONU FEZ AGORA! ""Marido"" e ""Esposa"" foram PROIBIDOS!"
86,https://www.youtube.com/watch?v=hL2slTbmO4Y,Firmeza da Verdade,Tudo Isso √© Ju√≠zo do Criador ao Povo - R√¥mulo Maraschin
87,https://www.youtube.com/watch?v=QpUKKwtu3AQ,verdadeoculta,Vai vendo
88,https://www.youtube.com/watch?v=bcRv7YrpMhs,Ciencia de Verdade,"553 - Pior Mal Crescente (Document√°rio Hollow Earth, Parte 7)"
89,https://www.youtube.com/watch?v=vvpyPGybLb4,Verdade Mundial,EST√ÉO TE CONTROLANDO DESDE SEMPRE | LIVE üìç
90,https://www.youtube.com/watch?v=pb8d0YDjdQs,Hidrogenio Global,#MORTESFANTASMAS - Bolsonaro mandou ministro para Manaus e caiu 1000% as mortes de 246 para 2.
91,https://www.youtube.com/watch?v=tkicPs-_HWU,verdadeoculta,üíâ Um abismo apos o outro
92,https://www.youtube.com/watch?v=-44_WtGsvb4,Dr. Uronal Zancan,O CORONAV√çRUS N√ÉO √â O CULPADO DESSA PANDEMIA E NEM EST√Å MATANDO NINGU√âM
93,https://www.youtube.com/watch?v=dfcsc1SmYWk,nutri√ß√£o Alimentos & Cia,ELE MONOPOLIZOU A SA√öDE MUNDIAL.
94,https://www.youtube.com/watch?v=StBlJIVpjjU,Ezequiel Cordeiro - Hora Final,Fim da Pandemia e a quest√£o dos Idosos
95,https://www.youtube.com/watch?v=bwgVlf4rJnI,verdadeoculta,üíâ Acaba a grana come√ßa a explos√£o social
96,https://www.youtube.com/watch?v=Qu01GsYCORc,Jemima Gomes,MUD·∏ÄN√á·∏Ä DE DN·∏Ä E 0S 0LH0S NEGR0S
97,https://www.youtube.com/watch?v=kNyGHeIHydc,Hidrogenio Global,Lula diz que Bolsonaro inventou contamina√ß√£o para fazer ‚Äúpropaganda do rem√©di@‚Äù
98,https://www.youtube.com/watch?v=nHjRJXGfZg4,P√°tria Evang√©lica de Deus,PADRE CAT√ìLICO ALERTA FI√âIS A SE PREPARAR PARA FIM DOS TEMPOS- ANTICRISTO-CHIP-NOVA MOEDA-PARTE 1
99,https://www.youtube.com/watch?v=AtTmGvq7sfw,verdadeoculta,üíâ Vai vendo s√≥
100,https://www.youtube.com/watch?v=sgDK48-oQcI,P√°tria Evang√©lica de Deus,A IMPLANTA√á@O DO C.H.I.P DA BEST@ E OS 3 DI@S DE E.S.C.U.R.I.D.√É.O EM 2020 / (PARTE FINAL)
101,https://www.youtube.com/watch?v=V1VAMp49S2Y,Jaime Bruning,O QUE EST√Å ACONTECENDO COM A NOSSA P√ÅTRIA
102,https://www.youtube.com/watch?v=vB2wXg_qaHE,Ciencia de Verdade,528 - O que √© pior? A Doen√ßa ou o Rem√©dio?
103,https://www.youtube.com/watch?v=KLUjWvK1ebY,Ezequiel Cordeiro - Hora Final,O ambicioso plano 'Made in China 2025' para liderar toda a tecnologia global.
104,https://www.youtube.com/watch?v=XHe7-cQ8x7E,Firmeza da Verdade,Revista THE ECONOMIST e suas Capas Intrigantes
105,https://www.youtube.com/watch?v=_recgd_e9KQ,Ana Paula Palagar,GOVERNADOR HELDER BARBALHO E SEUS SOLDADOS DO CRIME
106,https://www.youtube.com/watch?v=4JGAeWafhRM,Ciencia de Verdade,"541 - ""Salvando"" o Mundo Vendendo A√ß√µes!!!"
107,https://www.youtube.com/watch?v=UOBJcybw5Sk,SA√öDE & BEM ESTAR,üî¥ Vitamina D3 Na Preven√ß√£o e Tratamento Da COVID-19 Rep√≥rter Sa√∫de Entrevista Dr. Cicero Coimbra
108,https://www.youtube.com/watch?v=bCgG1bYEk3s,Ana Paula Palagar,MOEDA DIGITAL. CONTROLE TOTAL?
109,https://www.youtube.com/watch?v=tVGQYNyPY1k,Ana Paula Palagar,AS ESTRAT√âGIAS QUE N√ÉO BENEFICIAM A POPULA√á√ÉO.
110,https://www.youtube.com/watch?v=lAy2SldBhLs,Firmeza da Verdade,"0MS afirma que NOTAS de DINHEIRO podem ESPALHAR o ""R.A.C.0.0.N."""
111,https://www.youtube.com/watch?v=ySFuJ7qC79A,verdadeoculta,Fake news de milionario pode e eles aceitam como verdade
112,https://www.youtube.com/watch?v=um7IdV8odCI,verdadeoculta,Fim dos Tempos
113,https://www.youtube.com/watch?v=za9gHVr4cIU,verdadeoculta,Como est√° ocorrendo o Grande Reset
114,https://www.youtube.com/watch?v=n8r0aRzZ_PU,verdadeoculta,Conhe√ßa os preparados para o fim do mundo
115,https://www.youtube.com/watch?v=c0xxQjwEN7w,Verdade Mundial,CAIX√ïES DA FEMA EST√ÉO PRONTOS PARA O USO? MEU DESABAFO! COMPARTILHE!
116,https://www.youtube.com/watch?v=ecGjpPO-hNY,verdadeoculta,Trump manda tomar desinfetante e o gado toma
117,https://www.youtube.com/watch?v=d3DVKseSxLE,verdadeoculta,Ac√ßoes da industria farmaucetica disparam nas bolsas
118,https://www.youtube.com/watch?v=WV0ZJ26KwQg,Ciencia de Verdade,558 - Campo Magn√©tico da Terra: Fatos e Contos!
119,https://www.youtube.com/watch?v=D6Ral1SIrqM,Ciencia de Verdade,519 - O Retorno do Imp√©rio do Maligno e a Biologia Darwinista
120,https://www.youtube.com/watch?v=scrt10hnWE0,Verdade Mundial,CHUVA DE P√ÅSSAROS NA EUROPA 2020 LAN√áA ALERTA MUNDIAL
121,https://www.youtube.com/watch?v=9ud6SLH6bTg,Jemima Gomes,C@LAMID@DE P√öBL1C@ N0 BR@SIL - C0M0 SER√Å?
122,https://www.youtube.com/watch?v=30qKYeQJfpc,verdadeoculta,"J√° come√ßou, vamos aplaudir"
123,https://www.youtube.com/watch?v=rKlhoG7_7is,Firmeza da Verdade,FIQUE LONGE DE SP! AVISO DADO!
124,https://www.youtube.com/watch?v=YzAIGGj2sVY,Ezequiel Cordeiro - Hora Final,"Alexandre Garcia, fala de coisas boas que o coronavirus fez a China"
125,https://www.youtube.com/watch?v=hkbzG_FXMC8,Ana Paula Palagar,MANDETTA QUER NEGOCIAR .
126,https://www.youtube.com/watch?v=Cdz_f80PePI,nutri√ß√£o Alimentos & Cia,Estudo mostra que CLOROQUINA aumenta o risco de morte por COVID 19
127,https://www.youtube.com/watch?v=CZJ3PidrjDk,Ana Paula Palagar,POL√çTICOS PEDEM AJUDA AO YAKISOBA.
128,https://www.youtube.com/watch?v=_mwm1yraqIs,verdadeoculta,"Acaba o emprego, acaba a necessidade de contratar humanos"
129,https://www.youtube.com/watch?v=bvJ27BZzio0,Firmeza da Verdade,S√ì PARA QUEM QUISER (AT√â DIA 15 DE MAIO)
130,https://www.youtube.com/watch?v=GkTYdpsI7K8,verdadeoculta,üíâ Algu√©m escapa
131,https://www.youtube.com/watch?v=M27GPxvQMZ0,Firmeza da Verdade,BOND e NIGHTINGALE: The Economist
132,https://www.youtube.com/watch?v=Z0BtSKwIq1M,Firmeza da Verdade,REACT RESIDENT EVIL 3 REMAKE INTRO: O JOGO DIZIA E MOSTRAVA TUDO PREVIAMENTE
133,https://www.youtube.com/watch?v=R6-2OzcGHRs,P√°tria Evang√©lica de Deus,ALERTA- MAIS DE 2.700 L√çDERES DA LAODICEIA V√ÉO EXIGIR CRIST√ÉOS A ASSINAREM LEI PARA IR AS IGREJAS
134,https://www.youtube.com/watch?v=zQeME21xBOs,U MI√ì QUE T√Å TENO,Dr Lair d√° um Resumo FANT√ÅSTICO DE COMO RECUPERAR E MANTER A SA√öDE
135,https://www.youtube.com/watch?v=4BJX2plLQgk,Firmeza da Verdade,"PROTOTYPE REVELA O QUE A ELITE EST√Å FAZENDO CONTRA A HUMANIDADE! Trecho do v√≠deo do Canal ""Romuland"""
136,https://www.youtube.com/watch?v=aljcwQds4dE,Hidrogenio Global,#Proibido andar com a Bandeira Brasileira no Brasil kkkkkkkk!!! Era s√≥ o que faltava...
137,https://www.youtube.com/watch?v=wY36Fe1cuy0,Jaime Bruning,[A Palavra Viva de Deus] sobre esse v√≠rus
138,https://www.youtube.com/watch?v=YwsDdWxEzEY,Jemima Gomes,V0C√ä N√É0 V@I ACREDIT@R N1SS0
139,https://www.youtube.com/watch?v=Z9ETm5vdBvo,Firmeza da Verdade,ELES PODEM. VOC√ä N√ÉO.
140,https://www.youtube.com/watch?v=zeZDmztIbx4,verdadeoculta,O normal nunca mais
141,https://www.youtube.com/watch?v=cwdx3UczgPA,Cidad√£o-X,Como eu Levei um Strike (E Agora? Qual o Futuro do Canal?)
142,https://www.youtube.com/watch?v=uf25j7ZR6FY,Firmeza da Verdade,O ROB√î de INTELIG√äNCIA ARTIFICIAL em KYOTO (A Imagem do Anticristo de Ap 13 ser√° SEMELHANTE a isso)
143,https://www.youtube.com/watch?v=XB9XaPAcK4Y,Verdade Mundial,A FEMA E OS MAIS DE 500 MIL CAIX√ïES NOS EUA EM 2020
144,https://www.youtube.com/watch?v=A1up4h69mNg,verdadeoculta,Uma nova ordem mundial surgindo hoje
145,https://www.youtube.com/watch?v=ZbtuDMFn7m4,Hidrogenio Global,"Valdeci Cavalcante vice presidente dos comerci√°rios do Piau√≠, conta plano diab√≥lico dos governadores"
146,https://www.youtube.com/watch?v=jZbADvWqhX8,Junior Hallak Medicina e Sa√∫de,AO VIVO: QUER TER SA√öDE NESSE MOMENTO DE PANDEMIA? DR. LAIR RIBEIRO ENTREVISTA DE FERNANDO BETETI
147,https://www.youtube.com/watch?v=U0PTBCkBfQM,Ciencia de Verdade,560 - O Plasma e o Fogo do C√©u (+An√°lise dos Tempos Atuais)
148,https://www.youtube.com/watch?v=9hFjDwEtQM4,Ezequiel Cordeiro - Hora Final,Diabo est√° por tr√°s do C. V. diz Bispo Macedo | Fechar ou n√£o fechar igrejas?
149,https://www.youtube.com/watch?v=N5fqBjWqgbI,verdadeoculta,üíâ Costurando o cen√°rio da Nova Ordem Mundial
150,https://www.youtube.com/watch?v=5pWQB23azfY,Firmeza da Verdade,FOI DECRETADO O ISOLAMENTO OBRIGAT√ìRIO NO BRASIL
151,https://www.youtube.com/watch?v=jio0ddkRd4U,Ana Paula Palagar,"O ""NOVO NORMAL"" DO MEDO PERP√âTUO."
152,https://www.youtube.com/watch?v=-PD74hkdeBw,verdadeoculta,Lucro do ITAU √© o maior da historia do pais
153,https://www.youtube.com/watch?v=FLvt-sW28kw,verdadeoculta,Irresponsabilidade da tv causa traggeddia
154,https://www.youtube.com/watch?v=7ZkocJvFcT0,Firmeza da Verdade,O QUE N√ÉO TE CONTARAM NEM TE MOSTRARAM
155,https://www.youtube.com/watch?v=bdlFU2I4I0E,Ana Paula Palagar,O PLANO MAL√âFICO SENDO IMPLANTADO NO BRASIL E EUA- (ANTI FAS)
156,https://www.youtube.com/watch?v=fe691KcRTnY,Hidrogenio Global,"Rede esgoto pede desculpas ao Bolsonaro, e a Advogada do Luciano Hang me ligou sobre a Rede Social."
157,https://www.youtube.com/watch?v=Wq422XCGQHI,Ezequiel Cordeiro - Hora Final,C0VID-19: DE QUEM √â A CULPA? QUAL A ORIGEM?
158,https://www.youtube.com/watch?v=WcKFrCoLaqY,Ciencia de Verdade,517 - Nando Moura + Diego Rox = Desemprego EM MASSA!
159,https://www.youtube.com/watch?v=hiAyQCypzps,Hidrogenio Global,"#BOMBA - Prefeitura solda as portas de com√©rcios e multa em R$9.200,00 destruindo a economia."
160,https://www.youtube.com/watch?v=si6DQDDu8hw,Palestrante Tiago Rocha,N√ÉO USE √ÅLCOOL EM GEL? ELE N√ÉO FUNCIONA? USE VINAGRE? (Tiago Rocha).
161,https://www.youtube.com/watch?v=TaMeVzDpihA,verdadeoculta,üíâ O novo Normal
162,https://www.youtube.com/watch?v=5yAk9b12mp4,Hidrogenio Global,MACABRO -Idosa √© colocada viva em saco e mandada para o necrot√©rio em Manaus
163,https://www.youtube.com/watch?v=wcQUjUhK7-k,nutri√ß√£o Alimentos & Cia,Corpo HUMANO uma estrutura complexa.
164,https://www.youtube.com/watch?v=5iI-ihAKbJY,verdadeoculta,S√≥ est√£o falando em reiniciar o planeta cuiddado com o reset
165,https://www.youtube.com/watch?v=VQJFIppPKag,Firmeza da Verdade,LEVARAM MEU DINHEIRO
166,https://www.youtube.com/watch?v=S_2wURhb2-g,Dr. Uronal Zancan,DR. MARCO MENELAU: M√âDICO QUE EST√Å MUDANDO A SA√öDE NO BRASIL
167,https://www.youtube.com/watch?v=EaI0IwnDQw8,Hidrogenio Global,#Jo√£oDoriana - Veja como se faz Santa Catarina √© um exemplo de democracia e intelig√™ncia....
168,https://www.youtube.com/watch?v=ka2_b-gg8ZA,Firmeza da Verdade,PROIBIDO ORAR E FAZER CULTO DENTRO DE CASA - DECRETO 515/2020
169,https://www.youtube.com/watch?v=r-6XG5JuAQE,Firmeza da Verdade,RESET GESARA: DINHEIRO DIGITAL e SUBSTITUI√á√ÉO DE HUMANOS POR ROB√îS de A.I.
170,https://www.youtube.com/watch?v=53EAjJW6JV4,nutri√ß√£o Alimentos & Cia,NANDO MOURA esculacha (zomba) de terapia s√©ria pra tratamento de sa√∫de.
171,https://www.youtube.com/watch?v=YtFgfZ1bjt0,Dr. Uronal Zancan,7 Dias para Aumentar sua Imunidade e Combater o Coronav√≠rus
172,https://www.youtube.com/watch?v=mNGgBcamH9g,Ciencia de Verdade,535 - Ret√≥rica do Tio Bill
173,https://www.youtube.com/watch?v=jSnBWjWMUEs,Firmeza da Verdade,Tudo ACONTECENDO MUITO R√ÅPIDO! O TEMPO √â CURTO! (The Economist e Suas PREVIS√ïES) - R√¥mulo Maraschin
174,https://www.youtube.com/watch?v=zX76Q-Ay1c0,Ezequiel Cordeiro - Hora Final,Aglomera√ß√£o em festival na China √© permitido e OMS n√£o cr√≠tica. Porque ser√°?
175,https://www.youtube.com/watch?v=Wa_C3Eg2MRo,Firmeza da Verdade,"C√É0 R0B√î C0ME√áA A SER USAD0 C0NTRA A P0PULA√á√É0 para ""EVITAR AGL0MERA√á√ïES"""
176,https://www.youtube.com/watch?v=K8bxus9rh04,verdadeoculta,Passaporte da imunidade e os privilegiados
177,https://www.youtube.com/watch?v=ivAD3HKplOI,Ezequiel Cordeiro - Hora Final,7 coisas que v√£o ACONTECER no mundo at√© 2030
178,https://www.youtube.com/watch?v=B6trm8vgNmQ,verdadeoculta,Bilionarios lucram com a crise mas querem acabar com ela quem acredita
179,https://www.youtube.com/watch?v=g1kZGxXsghA,Ciencia de Verdade,538 - Ops... Qual √© o Assunto Mesmo? Cinco o qu√™?
180,https://www.youtube.com/watch?v=bdyekRqXWm8,Ana Paula Palagar,COMO EST√Å O RIO DE JANEIRO NA PARALISA√á√ÉO?
181,https://www.youtube.com/watch?v=SmomkliQmMs,Cidad√£o-X,Protesto Antifascista pode ser Armadilha Mortal
182,https://www.youtube.com/watch?v=SGJMjfLlvn8,Firmeza da Verdade,S√ÉO OS √öLTIMOS DIAS! √öLTIMAS VAGAS E √öLTIMA OPORTUNIDADE (AT√â DIA 15 DE MAIO)
183,https://www.youtube.com/watch?v=OXlDasxESSQ,Firmeza da Verdade,THE ECONOMIST: O Fim da Energia a COMBUST√ÉO! Fim do uso de Petr√≥leo e fim dos CARROS e AVI√ïES atuais
184,https://www.youtube.com/watch?v=W_vmXtHUrxA,Hidrogenio Global,CIENTISTA CHIN√äS QUE ESTUDAVA A C....... √â MORTO A TIROS NOS ESTADOS UNIDOS
185,https://www.youtube.com/watch?v=eKbV5RVk1ps,Hidrogenio Global,"DEM√îNIOS DO MUNDO - MINISTROS DO STF, CHINA, KOREIA DO NORTE, E ADVOGADO DO PT"
186,https://www.youtube.com/watch?v=a1l4PjylmoU,Ciencia de Verdade,540 - Pr√™mio Nobel mais 600 M√âDICOS contra o CONFINAMENTO!
187,https://www.youtube.com/watch?v=NokGMY3Q61E,verdadeoculta,Filmadoras dentro das casas
188,https://www.youtube.com/watch?v=74WtqyB2EhM,Verdade Mundial,ALERTA: O MUNDO VAI PARAR | Live üìç
189,https://www.youtube.com/watch?v=-dr81tWcF3s,Jemima Gomes,C0M0 SER√Å 0 N0V0 MUND0 DELES!
190,https://www.youtube.com/watch?v=VP2AAhNa8AM,verdadeoculta,Quando a verdade √© considerada fake news
191,https://www.youtube.com/watch?v=qm1Beu7QPRk,verdadeoculta,Os pobre e negros est√£o na linha de frente segundo os dominantes
192,https://www.youtube.com/watch?v=UEDMHs68k_g,Firmeza da Verdade,"DECIFRANDO a NOVA CAPA da ""THE ECONOMIST"": Mensagens Subliminares da Elite para o MUNDO!"
193,https://www.youtube.com/watch?v=0JErcxlWo3g,Firmeza da Verdade,DESEMPREGO EM MASSA PROPOSITAL para SUBSTITUIR SERES HUMANOS por ROB√îS de INTELIG√äNCIA ARTIFICIAL
194,https://www.youtube.com/watch?v=1zxGGi8ud4U,SA√öDE & BEM ESTAR,üî¥ SER√Å que os nossos CIENTISTAS est√£o mentindo para n√≥s? Saiba Nesse V√≠deo!!! COVID-19
195,https://www.youtube.com/watch?v=A4Ip74K9T_4,Dr. Uronal Zancan,DR. MOACIR ROSA: PROFISSIONAL QUE EST√Å MUDANDO A SA√öDE NO BRASIL
196,https://www.youtube.com/watch?v=HzF7c-PBN5k,verdadeoculta,Papa preocupado com inteligencia artificial
197,https://www.youtube.com/watch?v=EGm6EgTFiTo,verdadeoculta,Humanidade soffre outro attaq dos senhores do mundo
